{
  "train_mae": 0.739543223845659,
  "train_rmse": 1.0025243606714935,
  "train_r2": 0.586763716966205,
  "n_samples": 55476,
  "n_features": 26,
  "cv_mae_mean": 0.8292281724477514,
  "cv_mae_std": 0.006323900160732264,
  "cv_r2_mean": 0.4730288806678648,
  "cv_r2_std": 0.007931235244861359,
  "cv_folds": 5
}